{
  "interventions": [
    "Baseline",
    "L10H9 ablation",
    "Combined (L10H9 + SAE)",
    "F23406 artifact",
    "stereoset"
  ],
  "full_eval_results": {
    "Baseline": {
      "signed_bias": 0.07384522976020587,
      "abs_bias": 0.12300863016784092,
      "total_gender_mass": 0.19621960523475157,
      "stereotype_preference": 0.77,
      "n_prompts": 200,
      "signed_bias_ci": [
        0.049085499063271615,
        0.09965438241493041
      ],
      "abs_bias_ci": [
        0.10251498253464349,
        0.14435654832401734
      ],
      "wikitext_ppl": 123.60457626112515,
      "wikitext_ppl_median": 75.26206792876457,
      "wikitext_ppl_ci": [
        110.62973032274222,
        138.56422956082594
      ],
      "winogender_male_pref": 0.7875,
      "winogender_per_form": {
        "he/she": 0.8202247191011236,
        "his/her": 0.7592592592592593,
        "him/her": 0.25
      },
      "winogender_n": 240,
      "winogender_male_pref_ci": [
        0.7333333333333333,
        0.8375
      ],
      "lambada_acc": 0.248,
      "lambada_acc_ci": [
        0.21,
        0.288
      ],
      "blimp": {
        "anaphor_gender_agreement": 0.997,
        "regular_plural_subject_verb_agreement_1": 0.966,
        "mean": 0.9815,
        "anaphor_gender_agreement_ci": [
          0.993,
          1.0
        ],
        "regular_plural_subject_verb_agreement_1_ci": [
          0.954,
          0.977
        ]
      },
      "winobias_type1_pro": 0.5454545454545454,
      "winobias_type1_anti": 0.5404040404040404,
      "winobias_type1_gap": 0.005050505050504972,
      "winobias_type2_pro": 0.6439393939393939,
      "winobias_type2_anti": 0.4015151515151515,
      "winobias_type2_gap": 0.24242424242424243,
      "winobias_overall": 0.5328282828282828,
      "winobias_type1_pro_ci": [
        0.49747474747474746,
        0.5959595959595959
      ],
      "winobias_type1_anti_ci": [
        0.4898989898989899,
        0.5883838383838383
      ],
      "winobias_type2_pro_ci": [
        0.5959595959595959,
        0.6919191919191919
      ],
      "winobias_type2_anti_ci": [
        0.35353535353535354,
        0.4494949494949495
      ],
      "crows_pairs_score": 0.6068702290076335,
      "crows_pairs_n": 262,
      "crows_pairs_ci": [
        0.549618320610687,
        0.6641221374045801
      ],
      "gap_overall": 0.7061477721376198,
      "gap_masculine": 0.7052868391451068,
      "gap_feminine": 0.7070135746606335,
      "gap_n": 1773,
      "gap_overall_ci": [
        0.6847151720248167,
        0.727580372250423
      ]
    },
    "L10H9 ablation": {
      "signed_bias": 0.07367170055521581,
      "abs_bias": 0.09022742538470899,
      "total_gender_mass": 0.16532470343576808,
      "stereotype_preference": 0.84,
      "n_prompts": 200,
      "signed_bias_ci": [
        0.055315716085186296,
        0.09231138982925796
      ],
      "abs_bias_ci": [
        0.07373095792810902,
        0.10787646478926526
      ],
      "wikitext_ppl": 125.96355854142044,
      "wikitext_ppl_median": 76.5152728720627,
      "wikitext_ppl_ci": [
        112.73412781044131,
        141.4361876488661
      ],
      "winogender_male_pref": 0.8666666666666667,
      "winogender_per_form": {
        "he/she": 0.8876404494382022,
        "his/her": 0.8888888888888888,
        "him/her": 0.25
      },
      "winogender_n": 240,
      "winogender_male_pref_ci": [
        0.8208333333333333,
        0.9083333333333333
      ],
      "lambada_acc": 0.25,
      "lambada_acc_ci": [
        0.212,
        0.29
      ],
      "blimp": {
        "anaphor_gender_agreement": 0.988,
        "regular_plural_subject_verb_agreement_1": 0.969,
        "mean": 0.9784999999999999,
        "anaphor_gender_agreement_ci": [
          0.981,
          0.994
        ],
        "regular_plural_subject_verb_agreement_1_ci": [
          0.958,
          0.979
        ]
      },
      "winobias_type1_pro": 0.5429292929292929,
      "winobias_type1_anti": 0.5505050505050505,
      "winobias_type1_gap": -0.007575757575757569,
      "winobias_type2_pro": 0.6212121212121212,
      "winobias_type2_anti": 0.4318181818181818,
      "winobias_type2_gap": 0.1893939393939394,
      "winobias_overall": 0.5366161616161615,
      "winobias_type1_pro_ci": [
        0.494949494949495,
        0.5909090909090909
      ],
      "winobias_type1_anti_ci": [
        0.5025252525252525,
        0.5984848484848485
      ],
      "winobias_type2_pro_ci": [
        0.5732323232323232,
        0.6691919191919192
      ],
      "winobias_type2_anti_ci": [
        0.3813131313131313,
        0.4797979797979798
      ],
      "crows_pairs_score": 0.5916030534351145,
      "crows_pairs_n": 262,
      "crows_pairs_ci": [
        0.5305343511450382,
        0.648854961832061
      ],
      "gap_overall": 0.7100958826847151,
      "gap_masculine": 0.7075365579302587,
      "gap_feminine": 0.7126696832579186,
      "gap_n": 1773,
      "gap_overall_ci": [
        0.6892272983643543,
        0.7309644670050761
      ]
    },
    "Combined (L10H9 + SAE)": {
      "signed_bias": 0.07294457528984989,
      "abs_bias": 0.0835457858963134,
      "total_gender_mass": 0.16008352320225958,
      "stereotype_preference": 0.875,
      "n_prompts": 200,
      "signed_bias_ci": [
        0.056531965717705364,
        0.09012363259493024
      ],
      "abs_bias_ci": [
        0.06847726071085387,
        0.09928688560592457
      ],
      "wikitext_ppl": 125.99381404241673,
      "wikitext_ppl_median": 76.51704572858239,
      "wikitext_ppl_ci": [
        112.78645933427774,
        141.28589424741816
      ],
      "winogender_male_pref": 0.9083333333333333,
      "winogender_per_form": {
        "he/she": 0.9325842696629213,
        "his/her": 0.9259259259259259,
        "him/her": 0.25
      },
      "winogender_n": 240,
      "winogender_male_pref_ci": [
        0.8708333333333333,
        0.9416666666666667
      ],
      "lambada_acc": 0.25,
      "lambada_acc_ci": [
        0.21395000000000045,
        0.288
      ],
      "blimp": {
        "anaphor_gender_agreement": 0.985,
        "regular_plural_subject_verb_agreement_1": 0.969,
        "mean": 0.977,
        "anaphor_gender_agreement_ci": [
          0.977,
          0.992
        ],
        "regular_plural_subject_verb_agreement_1_ci": [
          0.958,
          0.979
        ]
      },
      "winobias_type1_pro": 0.5429292929292929,
      "winobias_type1_anti": 0.5580808080808081,
      "winobias_type1_gap": -0.015151515151515138,
      "winobias_type2_pro": 0.6186868686868687,
      "winobias_type2_anti": 0.43434343434343436,
      "winobias_type2_gap": 0.18434343434343436,
      "winobias_overall": 0.538510101010101,
      "winobias_type1_pro_ci": [
        0.494949494949495,
        0.5934343434343434
      ],
      "winobias_type1_anti_ci": [
        0.51010101010101,
        0.6085858585858586
      ],
      "winobias_type2_pro_ci": [
        0.5707070707070707,
        0.6666666666666666
      ],
      "winobias_type2_anti_ci": [
        0.3838383838383838,
        0.4823232323232323
      ],
      "crows_pairs_score": 0.5763358778625954,
      "crows_pairs_n": 262,
      "crows_pairs_ci": [
        0.5152671755725191,
        0.6336832061068688
      ],
      "gap_overall": 0.7112239142695995,
      "gap_masculine": 0.7086614173228346,
      "gap_feminine": 0.7138009049773756,
      "gap_n": 1773,
      "gap_overall_ci": [
        0.6897913141567964,
        0.7315284827975184
      ]
    },
    "F23406 artifact": {
      "signed_bias": 0.050327948197067866,
      "abs_bias": 0.08182144411660384,
      "total_gender_mass": 0.13741145946721936,
      "stereotype_preference": 0.765,
      "n_prompts": 200,
      "signed_bias_ci": [
        0.02985291225425698,
        0.0719141698956723
      ],
      "abs_bias_ci": [
        0.06295627556915642,
        0.10222107607085057
      ],
      "wikitext_ppl": 124.48885250949084,