{
  "baseline": {
    "amplification": 0.12241539551268943,
    "residual_skew": -0.018897174734775035,
    "gender_mass": 0.19017807129118106,
    "neutral_signed": 0.14519755322059305,
    "neutral_mass": 0.3041660378706486
  },
  "alpha_sweep": {
    "L10H9": {
      "layer": 10,
      "head": 9,
      "alphas": [
        1.0,
        0.95,
        0.9,
        0.85,
        0.8,
        0.75,
        0.7,
        0.6499999999999999,
        0.6,
        0.55,
        0.5,
        0.44999999999999996,
        0.3999999999999999,
        0.35,
        0.29999999999999993,
        0.25,
        0.19999999999999996,
        0.1499999999999999,
        0.09999999999999998,
        0.04999999999999993,
        0.0
      ],
      "amps": [
        0.12241539551268943,
        0.12029813701610692,
        0.11813752440593817,
        0.11592799702884804,
        0.11366617987914651,
        0.11134629072876123,
        0.10896433126617922,
        0.10651455579591129,
        0.10399286620940984,
        0.10139345182506077,
        0.09871188946362963,
        0.0959436601951893,
        0.09308423053244042,
        0.0901295767234842,
        0.08707770876935683,
        0.08392416312290152,
        0.08066733226087308,
        0.0773070378072589,
        0.07384230037496309,
        0.07027526350020707,
        0.06660786517386441
      ],
      "skews": [
        -0.018897174734775035,
        -0.01831250483792246,
        -0.017716757108246384,
        -0.017106773981140577,
        -0.0164806095581298,
        -0.015835279971724958,
        -0.015168870795605471,
        -0.014478526190032426,
        -0.013761743372924684,
        -0.013015597216508468,
        -0.012238250218615576,
        -0.01142617719960981,
        -0.010578298900327354,
        -0.009691971959910006,
        -0.008766093342273962,
        -0.007797821984240727,
        -0.006787181229356065,
        -0.005733534724640776,
        -0.004636272991774604,
        -0.0034964728406521317,
        -0.0023148642903834116
      ],
      "masses": [
        0.19017807129118106,
        0.18858356700851195,
        0.18695762626521173,
        0.18529646118501356,
        0.18359683306819838,
        0.18185420492712487,
        0.18006486583544756,
        0.17822379554854706,
        0.17632713446073467,
        0.1743698257851065,
        0.17234681272141947,
        0.17025406256046458,
        0.1680859391684256,
        0.1658378479090364,
        0.163505802374857,
        0.16108446205422902,
        0.15856941585116147,
        0.15595736100294744,
        0.15324366911833445,
        0.15042624936480328,
        0.14750180081561362
      ],
      "n_signed": [
        0.14519755322059305,
        0.1437042258621659,
        0.14216731320872592,
        0.14058336830930784,
        0.13894754176726565,
        0.13725612826722985,
        0.13550278540545455,
        0.13368361714916924,
        0.13179248829449838,
        0.12982592514405647,
        0.12777754607183547,
        0.12564106979213344,
        0.12341345075401478,
        0.12108775998543327,
        0.11865966804907657,
        0.11612457874192235,
        0.1134785878045174,
        0.11071697427541949,
        0.1078399364487268,
        0.10484193774755113,
        0.10172450825727235
      ]
    },
    "L11H3": {
      "layer": 11,
      "head": 3,
      "alphas": [
        1.0,
        0.95,
        0.9,
        0.85,
        0.8,
        0.75,
        0.7,
        0.6499999999999999,
        0.6,
        0.55,
        0.5,
        0.44999999999999996,
        0.3999999999999999,
        0.35,
        0.29999999999999993,
        0.25,
        0.19999999999999996,
        0.1499999999999999,
        0.09999999999999998,
        0.04999999999999993,
        0.0
      ],
      "amps": [
        0.12241539551268943,
        0.12264647665688244,
        0.12287068647128763,
        0.12308985266372474,
        0.12330344189467723,
        0.12351140073133138,
        0.12371342390906648,
        0.12390969715761457,
        0.12410037528570683,
        0.12428498489680351,
        0.12446333928437525,
        0.12463555132944748,
        0.12480242208494019,
        0.12496218168143969,
        0.1251158316981673,
        0.12526356741363998,
        0.12540558869659435,
        0.12553937584834785,
        0.12566829011302616,
        0.1257905831462267,
        0.1259058823234227
      ],
      "skews": [
        -0.018897174734775035,
        -0.01900125787142315,
        -0.019101122996289632,
        -0.019197187883946754,
        -0.01929012553591747,
        -0.019378295876776974,
        -0.019463020658804453,
        -0.019543283334314765,
        -0.01961990728341334,
        -0.01969237813136715,
        -0.01976013916737429,
        -0.01982276110447856,
        -0.019881787843587517,
        -0.01993546495486953,
        -0.01998472361719905,
        -0.020028955052111996,
        -0.020068951225766796,
        -0.02010273460746248,
        -0.020131785899138777,
        -0.020156964796115062,
        -0.02017573086413904
      ],
      "masses": [
        0.19017807129118106,
        0.19049249417063643,
        0.19080209512988708,
        0.19110761736131585,
        0.19140881183435945,
        0.1917058962238419,
        0.19199844939733643,
        0.1922867387468917,
        0.1925704075547401,
        0.19284967754902027,
        0.19312426430891114,
        0.19339455054129454,
        0.19366054031949412,
        0.19392109910828972,
        0.1941769536188076,
        0.19442866138463918,
        0.19467576679683893,
        0.1949171747570896,
        0.19515472480088647,
        0.1953866242741545,
        0.1956138550885953
      ],
      "n_signed": [
        0.14519755322059305,
        0.14531844815549752,
        0.14543990039965138,
        0.14556065386083597,
        0.14568049009540118,
        0.1458001144734832,
        0.14591869868066473,
        0.14603751514611454,
        0.1461556857393589,
        0.14627185667632148,
        0.14638860765262507,
        0.1465056606878837,
        0.14662152532643327,
        0.1467351100873202,
        0.14684970936893174,
        0.14696343556473343,
        0.14707669548806734,
        0.1471900453810425,
        0.14730142960130857,
        0.1474123438432192,
        0.1475232358983097
      ]
    },
    "L9H6": {
      "layer": 9,
      "head": 6,
      "alphas": [
        1.0,
        0.95,
        0.9,
        0.85,
        0.8,
        0.75,
        0.7,
        0.6499999999999999,
        0.6,
        0.55,
        0.5,
        0.44999999999999996,
        0.3999999999999999,
        0.35,
        0.29999999999999993,
        0.25,
        0.19999999999999996,
        0.1499999999999999,
        0.09999999999999998,
        0.04999999999999993,
        0.0
      ],
      "amps": [
        0.12241539551268943,
        0.12241519756753405,
        0.12241461452958902,
        0.12241363920020376,
        0.12241209093735961,
        0.12241126452408935,
        0.1224090947480363,
        0.12240662337626418,
        0.12240501585074526,
        0.12240209237916133,
        0.12239990071520879,
        0.12239679741378495,
        0.12239311085068039,
        0.122389940953326,
        0.12238580488974549,
        0.12238152431473281,
        0.12237709282999276,
        0.12237260059009714,
        0.12236731000211876,
        0.12236195603964006,
        0.12235644467000384
      ],