{
  "n_male_prompts": 95,
  "n_female_prompts": 95,
  "n_configs_tested": 288,
  "best_config": {
    "layer": 10,
    "n_iter": 10,
    "C": 1.0,
    "n_directions": 10,
    "probe_accs": [
      1.0,
      0.9631578947368421,
      0.9368421052631579,
      0.9368421052631579,
      0.9368421052631579,
      0.9368421052631579,
      0.9210526315789473,
      0.9105263157894737,
      0.9,
      0.868421052631579
    ],
    "abs_bias": 0.011617664833654175,
    "signed_bias": 0.0006311595739583131,
    "ppl_mean": 66.11908972953836,
    "ppl_change_pct": 0.0,
    "gender_mass": 0.09298290825308761
  },
  "sweep_top10": [
    {
      "layer": 10,
      "n_iter": 10,
      "C": 1.0,
      "n_directions": 10,
      "probe_accs": [
        1.0,
        0.9631578947368421,
        0.9368421052631579,
        0.9368421052631579,
        0.9368421052631579,
        0.9368421052631579,
        0.9210526315789473,
        0.9105263157894737,
        0.9,
        0.868421052631579
      ],
      "abs_bias": 0.011617664833654175,
      "signed_bias": 0.0006311595739583131,
      "ppl_mean": 66.11908972953836,
      "ppl_change_pct": 0.0,
      "gender_mass": 0.09298290825308761
    },
    {
      "layer": 10,
      "n_iter": 5,
      "C": 0.1,
      "n_directions": 5,
      "probe_accs": [
        1.0,
        0.9421052631578948,
        0.9157894736842105,
        0.8894736842105263,
        0.8578947368421053
      ],
      "abs_bias": 0.012311512804051693,
      "signed_bias": 0.0024145225973546524,
      "ppl_mean": 66.11908972953836,
      "ppl_change_pct": 0.0,
      "gender_mass": 0.09869293779200693
    },
    {
      "layer": 10,
      "n_iter": 7,
      "C": 0.1,
      "n_directions": 7,
      "probe_accs": [
        1.0,
        0.9421052631578948,
        0.9157894736842105,
        0.8894736842105263,
        0.8578947368421053,
        0.8,
        0.7473684210526316
      ],
      "abs_bias": 0.012782455837698095,
      "signed_bias": -0.008044086140495423,
      "ppl_mean": 66.11908972953836,
      "ppl_change_pct": 0.0,
      "gender_mass": 0.09422110880741194
    },
    {
      "layer": 11,
      "n_iter": 7,
      "C": 0.1,
      "n_directions": 7,
      "probe_accs": [
        1.0,
        0.9421052631578948,
        0.9,
        0.8789473684210526,
        0.868421052631579,
        0.8263157894736842,
        0.7947368421052632
      ],
      "abs_bias": 0.012920728270255002,
      "signed_bias": -0.0003433393473977953,
      "ppl_mean": 66.11908972953836,
      "ppl_change_pct": 0.0,
      "gender_mass": 0.11352835877446724
    },
    {
      "layer": 10,
      "n_iter": 7,
      "C": 1.0,
      "n_directions": 7,
      "probe_accs": [
        1.0,
        0.9631578947368421,
        0.9368421052631579,
        0.9368421052631579,
        0.9368421052631579,
        0.9368421052631579,
        0.9210526315789473
      ],
      "abs_bias": 0.012926014582494863,
      "signed_bias": -0.000607527865982207,
      "ppl_mean": 66.11908972953836,
      "ppl_change_pct": 0.0,
      "gender_mass": 0.0930309789487763
    },
    {
      "layer": 10,
      "n_iter": 5,
      "C": 1.0,
      "n_directions": 5,
      "probe_accs": [
        1.0,
        0.9631578947368421,
        0.9368421052631579,
        0.9368421052631579,
        0.9368421052631579
      ],
      "abs_bias": 0.013302239269257839,
      "signed_bias": -0.001850502291449625,
      "ppl_mean": 66.11908972953836,
      "ppl_change_pct": 0.0,
      "gender_mass": 0.09254641708920275
    },
    {
      "layer": 10,
      "n_iter": 10,
      "C": 0.1,
      "n_directions": 10,
      "probe_accs": [
        1.0,
        0.9421052631578948,
        0.9157894736842105,
        0.8894736842105263,
        0.8578947368421053,
        0.8,
        0.7473684210526316,
        0.7210526315789474,
        0.6894736842105263,
        0.7
      ],
      "abs_bias": 0.014779181969994663,
      "signed_bias": -0.010152968736153109,
      "ppl_mean": 66.11908972953836,
      "ppl_change_pct": 0.0,
      "gender_mass": 0.09207528306459749
    },
    {
      "layer": 11,
      "n_iter": 5,
      "C": 0.1,
      "n_directions": 5,
      "probe_accs": [
        1.0,
        0.9421052631578948,
        0.9,
        0.8789473684210526,
        0.868421052631579
      ],
      "abs_bias": 0.017016178138203154,
      "signed_bias": -0.013904294876187629,
      "ppl_mean": 66.11908972953836,
      "ppl_change_pct": 0.0,
      "gender_mass": 0.10394344833349274
    },
    {
      "layer": 11,
      "n_iter": 10,
      "C": 0.01,
      "n_directions": 10,
      "probe_accs": [
        1.0,
        0.8631578947368421,
        0.8263157894736842,
        0.7684210526315789,
        0.6789473684210526,
        0.6368421052631579,
        0.6263157894736842,
        0.6157894736842106,
        0.5842105263157895,
        0.5736842105263158
      ],
      "abs_bias": 0.01765660667657677,
      "signed_bias": 0.00853930277920291,
      "ppl_mean": 66.11908972953836,
      "ppl_change_pct": 0.0,
      "gender_mass": 0.09962026005838957
    },
    {
      "layer": 11,
      "n_iter": 10,
      "C": 0.1,
      "n_directions": 10,
      "probe_accs": [
        1.0,
        0.9421052631578948,
        0.9,
        0.8789473684210526,
        0.868421052631579,
        0.8263157894736842,
        0.7947368421052632,
        0.7947368421052632,
        0.7526315789473684,
        0.7526315789473684
      ],
      "abs_bias": 0.01769931684212015,
      "signed_bias": -0.011635461623104477,
      "ppl_mean": 66.11908972953836,
      "ppl_change_pct": 0.0,
      "gender_mass": 0.11381063023483458
    }
  ],
  "inlp_dev_full": {
    "signed_bias": 0.0006311595739583131,
    "abs_bias": 0.011617664833654175,
    "total_gender_mass": 0.09298290825308761,
    "stereotype_preference": 0.47,
    "n_prompts": 200,
    "signed_bias_ci": [
      -0.0024024300745325205,
      0.003416089597143842
    ],
    "abs_bias_ci": [
      0.009309854229949161,
      0.014031052952147805
    ],
    "wikitext_ppl": 123.60457626112515,
    "wikitext_ppl_median": 75.26206792876457,
    "wikitext_ppl_ci": [
      110.83247310157019,
      138.9969666139639
    ],
    "winogender_male_pref": 0.6916666666666667,
    "winogender_per_form": {
      "he/she": 0.7191011235955056,
      "his/her": 0.7037037037037037,
      "him/her": 0.0
    },
    "winogender_n": 240,
    "winogender_male_pref_ci": [
      0.6333333333333333,
      0.75
    ],
    "lambada_acc": 0.194,
    "lambada_acc_ci": [
      0.16,
      0.23
    ],
    "blimp": {
      "anaphor_gender_agreement": 0.997,
      "regular_plural_subject_verb_agreement_1": 0.966,
      "mean": 0.9815,
      "anaphor_gender_agreement_ci": [
        0.993,
        1.0
      ],
      "regular_plural_subject_verb_agreement_1_ci": [
        0.954,
        0.977
      ]
    },
    "winobias_type1_pro": 0.5328282828282829,
    "winobias_type1_anti": 0.5454545454545454,
    "winobias_type1_gap": -0.012626262626262541,
    "winobias_type2_pro": 0.6641414141414141,
    "winobias_type2_anti": 0.36363636363636365,
    "winobias_type2_gap": 0.3005050505050505,
    "winobias_overall": 0.5265151515151515,
    "winobias_type1_pro_ci": [
      0.48484848484848486,
      0.5808080808080808
    ],
    "winobias_type1_anti_ci": [
      0.494949494949495,
      0.5934343434343434
    ],
    "winobias_type2_pro_ci": [
      0.6161616161616161,
      0.7095959595959596
    ],
    "winobias_type2_anti_ci": [
      0.31565656565656564,
      0.4116161616161616
    ],
    "crows_pairs_score": 0.6068702290076335,
    "crows_pairs_n": 262,
    "crows_pairs_ci": [
      0.5458015267175572,
      0.6641221374045801
    ],
    "gap_overall": 0.7061477721376198,
    "gap_masculine": 0.7052868391451068,
    "gap_feminine": 0.7070135746606335,
    "gap_n": 1773,
    "gap_overall_ci": [
      0.6847151720248167,
      0.727580372250423
    ]
  },
  "l10h9_dev_full": {
    "signed_bias": 0.07367170055521581,