{
  "head_stats": {
    "L10H0": {
      "bos_attention": 0.8036695182323456,
      "bos_std": 0.08189183823586106,
      "attention_entropy": 0.5910156965255737
    },
    "L10H1": {
      "bos_attention": 0.9710251718759537,
      "bos_std": 0.011408156520843399,
      "attention_entropy": 0.16302049160003662
    },
    "L10H2": {
      "bos_attention": 0.9534074544906617,
      "bos_std": 0.012380677009620582,
      "attention_entropy": 0.248602032661438
    },
    "L10H3": {
      "bos_attention": 0.7435079872608185,
      "bos_std": 0.05064093008903065,
      "attention_entropy": 0.9023372530937195
    },
    "L10H4": {
      "bos_attention": 0.6813344895839691,
      "bos_std": 0.041554146998642474,
      "attention_entropy": 1.0452057123184204
    },
    "L10H5": {
      "bos_attention": 0.8316897869110107,
      "bos_std": 0.020034287656687105,
      "attention_entropy": 0.6750725507736206
    },
    "L10H6": {
      "bos_attention": 0.9284762561321258,
      "bos_std": 0.03044649932362705,
      "attention_entropy": 0.30210915207862854
    },
    "L10H7": {
      "bos_attention": 0.7402926862239838,
      "bos_std": 0.07841459291966935,
      "attention_entropy": 0.8607217669487
    },
    "L10H8": {
      "bos_attention": 0.9147708564996719,
      "bos_std": 0.016318638198971995,
      "attention_entropy": 0.3706331253051758
    },
    "L10H9": {
      "bos_attention": 0.4701807990670204,
      "bos_std": 0.06567597694394445,
      "attention_entropy": 1.363236665725708
    },
    "L10H10": {
      "bos_attention": 0.9648081362247467,
      "bos_std": 0.013453559993157827,
      "attention_entropy": 0.18970398604869843
    },
    "L10H11": {
      "bos_attention": 0.853976720571518,
      "bos_std": 0.03461607679190171,
      "attention_entropy": 0.5647443532943726
    }
  },
  "l10h9_bos_zscore": -3.958462724476754,
  "bos_heatmap": [
    [
      0.5941217005252838,
      0.0024034834932535887,
      0.5086075723171234,
      0.003784882719628513,
      0.15662506967782974,
      0.11753737181425095,
      0.38203712105751036,
      0.26756583601236344,
      0.1896227180957794,
      0.49850221872329714,
      0.3437293887138367,
      0.5731031835079193
    ],
    [
      0.11270084604620934,
      0.4309530735015869,
      0.4224020391702652,
      0.49677850902080534,
      0.5568220436573028,
      0.3427139937877655,
      0.6591079413890839,
      0.6388418018817902,
      0.633162933588028,
      0.7348220348358154,
      0.0010917062754742801,
      0.19544137865304947
    ],
    [
      0.238362880051136,
      0.5988860189914703,
      0.03853924907743931,
      0.24017917215824128,
      0.10150239169597626,
      0.23153445571660997,
      0.4769353657960892,
      0.15676671266555786,
      0.0916962668299675,
      0.13109801784157754,
      0.30176725387573244,
      0.7074620604515076
    ],
    [
      0.9132003366947175,
      0.7112256228923798,
      0.2546721130609512,
      0.5648766219615936,
      0.9211933314800262,
      0.6900226354599,
      0.2635429069399834,
      0.3770161807537079,
      0.31033399403095246,
      0.3254026472568512,
      0.7079993665218354,
      0.22025774866342546
    ],
    [
      0.7969040393829345,
      0.7756645083427429,
      0.7963585615158081,
      0.11516697667539119,
      0.8252170264720917,
      0.8965347290039063,
      0.6968898773193359,
      0.25301784873008726,
      0.8063075959682464,
      0.598223677277565,
      0.8402636647224426,
      6.187740410723564e-07
    ],
    [
      0.9032665252685547,
      0.9959561884403229,
      0.8474654853343964,
      0.4768725365400314,
      0.7233384132385254,
      0.974492871761322,
      0.647459527850151,
      0.8492140054702759,
      0.8693930804729462,
      0.9325689375400543,
      0.7104991316795349,
      0.778919905424118
    ],
    [
      0.5281336426734924,
      0.9662972271442414,
      0.8898696660995483,
      0.8866518914699555,
      0.44994259178638457,
      0.6839397311210632,
      0.8934500694274903,
      0.8278322219848633,
      0.7267785727977752,
      0.9767662763595581,
      0.9532588720321655,
      0.552726748585701
    ],
    [
      0.8788350522518158,
      0.9609345972537995,
      0.9951008141040802,
      0.735985791683197,
      0.9486558973789215,
      0.8177525997161865,
      0.8512022256851196,
      0.9929765284061431,
      0.9012223601341247,
      0.6554145216941833,
      0.9913752377033234,
      0.9246352672576904
    ],
    [
      0.6649473428726196,
      0.9928838014602661,
      0.3918748527765274,
      0.9327848017215729,
      0.8810180962085724,
      0.6483508706092834,
      0.9600362241268158,
      0.8635011136531829,
      0.597910824418068,
      0.8936114609241486,
      0.7459024012088775,
      0.8351547122001648
    ],
    [
      0.7433885127305985,
      0.9864383816719056,
      0.7077150821685791,
      0.4864959418773651,
      0.9318198144435883,
      0.6910679638385773,
      0.9784733891487122,
      0.7111415982246398,
      0.7569594800472259,
      0.9824552714824677,
      0.9048405289649963,
      0.9324303030967712
    ],
    [
      0.8417089223861695,
      0.9743363559246063,
      0.9529607653617859,
      0.7353783071041107,
      0.6839748084545135,
      0.8340112864971161,
      0.9275291919708252,
      0.7704016685485839,
      0.9096164286136628,
      0.4705160468816757,
      0.96843101978302,
      0.8482955038547516
    ],
    [
      0.14773880764842034,
      0.7069243133068085,
      0.9065890550613404,
      0.40869241058826444,
      0.7808805644512177,
      0.8868820607662201,
      0.9606748282909393,
      0.812207967042923,
      3.644204352895031e-05,
      0.9601888954639435,
      0.6346124410629272,
      0.8385091960430145
    ]
  ],
  "heads_above_50pct_bos": 101,
  "heads_above_30pct_bos": 119,
  "bos_by_layer_head9": [
    0.49850221872329714,
    0.7348220348358154,
    0.13109801784157754,
    0.3254026472568512,
    0.598223677277565,
    0.9325689375400543,
    0.9767662763595581,
    0.6554145216941833,
    0.8936114609241486,
    0.9824552714824677,
    0.4705160468816757,
    0.9601888954639435
  ]
}