{
  "gpt2_small_expanded": {
    "Baseline": {
      "bias": 0.07112665755557827,
      "ppl": 38.466116358750334,
      "pronoun_basic": 1.0,
      "pronoun_expanded": 0.975,
      "agreement_basic": 1.0,
      "agreement_expanded": 0.96875,
      "factual": 0.7333333333333333
    },
    "Head L10H9": {
      "bias": 0.03844462230335921,
      "ppl": 38.14396048331089,
      "pronoun_basic": 1.0,
      "pronoun_expanded": 1.0,
      "agreement_basic": 1.0,
      "agreement_expanded": 0.96875,
      "factual": 0.7333333333333333
    },
    "SAE L0 F23406": {
      "bias": 0.014007712831880782,
      "ppl": 42.23372132480371,
      "pronoun_basic": 1.0,
      "pronoun_expanded": 0.975,
      "agreement_basic": 1.0,
      "agreement_expanded": 0.96875,
      "factual": 0.7333333333333333
    },
    "Combined": {
      "bias": 0.008139675746133435,
      "ppl": 41.981115050483375,
      "pronoun_basic": 1.0,
      "pronoun_expanded": 1.0,
      "agreement_basic": 1.0,
      "agreement_expanded": 0.96875,
      "factual": 0.7333333333333333
    }
  },
  "gpt2_medium": {
    "baseline": {
      "bias": 0.08963339172769338,
      "ppl": 33.019363601870324,
      "pronoun": 1.0,
      "agreement": 0.96875,
      "factual": 0.8666666666666667
    },
    "layer_importance": [
      -0.006227919668890525,
      0.0036880813888274244,
      0.0038644246640615193,
      0.0019089900888502598,
      0.0041708514560014065,
      0.0006937787286006025,
      -0.00030383766861631634,
      0.0023574086022563334,
      0.0033630962716415524,
      -0.006639373500365753,
      0.003535059397108853,
      0.0032269125804305077,
      -0.0006612475728616091,
      0.00739656009245665,
      0.0013487941818311894,
      -0.002551168925128869,
      0.01468210355378688,
      0.01406799049582333,
      0.009116240369621664,
      0.0035897050867788605,
      -0.0005518696387298294,
      0.007653761701658379,
      -0.0007516975747421384,
      -0.0012042284710332696
    ],
    "top_layers": [
      16,
      17,
      18,
      21,
      13
    ],
    "n_layers": 24,
    "n_heads": 16
  }
}