{
  "per_occupation": {
    "nurse": {
      "baseline_bias": -0.2184541393071413,
      "ablated_bias": -0.14937517791986465,
      "l10h9_effect": -0.06907896138727665
    },
    "doctor": {
      "baseline_bias": 0.12486254796385765,
      "ablated_bias": 0.08067099004983902,
      "l10h9_effect": 0.04419155791401863
    },
    "engineer": {
      "baseline_bias": 0.11810235865414143,
      "ablated_bias": 0.07186939846724272,
      "l10h9_effect": 0.04623296018689871
    },
    "secretary": {
      "baseline_bias": 0.00032569095492362976,
      "ablated_bias": 0.022234266623854637,
      "l10h9_effect": -0.021908575668931007
    },
    "CEO": {
      "baseline_bias": 0.11285360157489777,
      "ablated_bias": 0.06872131023555994,
      "l10h9_effect": 0.044132291339337826
    },
    "teacher": {
      "baseline_bias": -0.07808639854192734,
      "ablated_bias": -0.01679334044456482,
      "l10h9_effect": -0.06129305809736252
    },
    "programmer": {
      "baseline_bias": 0.15974657889455557,
      "ablated_bias": 0.11398057732731104,
      "l10h9_effect": 0.04576600156724453
    },
    "homemaker": {
      "baseline_bias": -0.11606984585523605,
      "ablated_bias": -0.04471325874328613,
      "l10h9_effect": -0.07135658711194992
    },
    "mechanic": {
      "baseline_bias": 0.1487847249954939,
      "ablated_bias": 0.09125612676143646,
      "l10h9_effect": 0.057528598234057426
    },
    "receptionist": {
      "baseline_bias": -0.03611388057470322,
      "ablated_bias": 0.008097261190414429,
      "l10h9_effect": -0.044211141765117645
    },
    "pilot": {
      "baseline_bias": 0.1123407855629921,
      "ablated_bias": 0.06830434035509825,
      "l10h9_effect": 0.04403644520789385
    },
    "librarian": {
      "baseline_bias": -0.09027649462223053,
      "ablated_bias": -0.027030356228351593,
      "l10h9_effect": -0.06324613839387894
    },
    "surgeon": {
      "baseline_bias": 0.10444023087620735,
      "ablated_bias": 0.05583011731505394,
      "l10h9_effect": 0.04861011356115341
    },
    "nanny": {
      "baseline_bias": -0.18399372696876526,
      "ablated_bias": -0.09411045163869858,
      "l10h9_effect": -0.08988327533006668
    },
    "janitor": {
      "baseline_bias": 0.1836858093738556,
      "ablated_bias": 0.13437794893980026,
      "l10h9_effect": 0.04930786043405533
    },
    "hairdresser": {
      "baseline_bias": -0.11661531031131744,
      "ablated_bias": -0.022132515907287598,
      "l10h9_effect": -0.09448279440402985
    },
    "plumber": {
      "baseline_bias": 0.19934607669711113,
      "ablated_bias": 0.13871107250452042,
      "l10h9_effect": 0.060635004192590714
    },
    "dancer": {
      "baseline_bias": -0.2285892590880394,
      "ablated_bias": -0.07976820319890976,
      "l10h9_effect": -0.14882105588912964
    },
    "firefighter": {
      "baseline_bias": 0.15880851820111275,
      "ablated_bias": 0.10643996298313141,
      "l10h9_effect": 0.05236855521798134
    },
    "babysitter": {
      "baseline_bias": -0.23661984875798225,
      "ablated_bias": -0.13974057137966156,
      "l10h9_effect": -0.0968792773783207
    },
    "accountant": {
      "baseline_bias": 0.09958438575267792,
      "ablated_bias": 0.06391996890306473,
      "l10h9_effect": 0.03566441684961319
    },
    "lawyer": {
      "baseline_bias": 0.07584897056221962,
      "ablated_bias": 0.05378931574523449,
      "l10h9_effect": 0.02205965481698513
    },
    "chef": {
      "baseline_bias": 0.1779969446361065,
      "ablated_bias": 0.12613356858491898,
      "l10h9_effect": 0.051863376051187515
    },
    "farmer": {
      "baseline_bias": 0.21644723787903786,
      "ablated_bias": 0.15636026859283447,
      "l10h9_effect": 0.060086969286203384
    },
    "dentist": {
      "baseline_bias": 0.1385047249495983,
      "ablated_bias": 0.08087315782904625,
      "l10h9_effect": 0.05763156712055206
    },
    "professor": {
      "baseline_bias": 0.06246522441506386,
      "ablated_bias": 0.04795743152499199,
      "l10h9_effect": 0.014507792890071869
    }
  },
  "patching_by_layer": [
    {
      "source": "nurse",
      "target": "engineer",
      "clean_target_bias": 0.11810235865414143,
      "layer_effects": {
        "0": -0.33655649796128273,
        "1": -0.33831074461340904,
        "2": -0.34493857622146606,
        "3": -0.3431671690195799,
        "4": -0.32815410755574703,
        "5": -0.2933864537626505,
        "6": -0.2905756626278162,
        "7": -0.24692934192717075,
        "8": -0.2360569853335619,
        "9": -0.2132063303142786,
        "10": -0.08310693688690662,
        "11": 0.001096406951546669
      }
    },
    {
      "source": "secretary",
      "target": "mechanic",
      "clean_target_bias": 0.1487847249954939,
      "layer_effects": {
        "0": -0.14845903404057026,
        "1": -0.1503168549388647,
        "2": -0.15086053498089314,
        "3": -0.15256895683705807,
        "4": -0.15477069281041622,
        "5": -0.13472209684550762,
        "6": -0.12926136516034603,
        "7": -0.06683566235005856,
        "8": -0.06531654112040997,
        "9": -0.04043189622461796,
        "10": -0.011662671342492104,
        "11": 0.005463631823658943
      }
    },
    {
      "source": "homemaker",
      "target": "plumber",
      "clean_target_bias": 0.19934607669711113,
      "layer_effects": {
        "0": -0.06614585220813751,
        "1": 0.028729651123285294,
        "2": 0.030875103548169136,
        "3": 0.03131202608346939,
        "4": 0.02296498976647854,
        "5": 0.013799022883176804,
        "6": 0.016665155068039894,
        "7": 0.012888450175523758,
        "8": 0.011277470737695694,
        "9": 0.008127707988023758,
        "10": 0.004334509372711182,
        "11": 0.0011812839657068253
      }
    },
    {
      "source": "dancer",
      "target": "farmer",
      "clean_target_bias": 0.21644723787903786,
      "layer_effects": {
        "0": -0.44503649696707726,
        "1": -0.4359867088496685,
        "2": -0.4239838160574436,
        "3": -0.40407558903098106,
        "4": -0.4088876508176327,
        "5": -0.34827086701989174,
        "6": -0.34305596724152565,
        "7": -0.30420615896582603,
        "8": -0.3027249909937382,
        "9": -0.232081089168787,
        "10": -0.1273023821413517,
        "11": 0.008516490459442139
      }
    }
  ],
  "l10h9_attention": {
    "nurse": {
      "attn_to_occ": 0.11585687100887299,
      "attn_to_bos": 0.6276630163192749,
      "occ_gender_proj": -1.8616116046905518,
      "total_gender_proj": -4.783226013183594,
      "occ_fraction": 0.3891958271673702
    },
    "doctor": {
      "attn_to_occ": 0.1447145640850067,
      "attn_to_bos": 0.5470114946365356,
      "occ_gender_proj": 0.4485936164855957,
      "total_gender_proj": 0.589853048324585,
      "occ_fraction": 0.7605175860050678
    },
    "engineer": {
      "attn_to_occ": 0.15369580686092377,
      "attn_to_bos": 0.46309220790863037,
      "occ_gender_proj": 0.34035196900367737,
      "total_gender_proj": 1.0756146907806396,
      "occ_fraction": 0.31642554893427544
    },
    "secretary": {
      "attn_to_occ": 0.16441363096237183,
      "attn_to_bos": 0.49813663959503174,
      "occ_gender_proj": -0.9457089900970459,
      "total_gender_proj": -2.1024580001831055,
      "occ_fraction": 0.44981112110665905
    },
    "CEO": {
      "attn_to_occ": 0.1505841314792633,
      "attn_to_bos": 0.3761730492115021,
      "occ_gender_proj": 0.41039544343948364,
      "total_gender_proj": 1.5248894691467285,
      "occ_fraction": 0.26913127260444164
    },
    "teacher": {
      "attn_to_occ": 0.20081499218940735,
      "attn_to_bos": 0.4462815523147583,
      "occ_gender_proj": -1.2576587200164795,
      "total_gender_proj": -3.0518951416015625,
      "occ_fraction": 0.41209106529056533
    },
    "programmer": {
      "attn_to_occ": 0.12416696548461914,
      "attn_to_bos": 0.41828081011772156,
      "occ_gender_proj": -0.09129031002521515,