{
  "default_male": {
    "prompts": [
      "The person said that",
      "Someone mentioned that",
      "The individual walked to",
      "A student said that",
      "The worker explained that",
      "A friend told me that",
      "The neighbor said that",
      "A colleague mentioned that",
      "The employee reported that",
      "Someone in the crowd said",
      "The spokesperson announced that",
      "A witness stated that",
      "The journalist reported that",
      "A researcher found that",
      "The specialist said that"
    ],
    "skews": [
      0.11929672956466675,
      0.027511680498719215,
      0.050283968448638916,
      -0.10007991641759872,
      0.05644664168357849,
      -0.10729065537452698,
      0.035388290882110596,
      0.027249827980995178,
      0.06973837316036224,
      0.017237618565559387,
      -0.009992236271500587,
      0.021085187792778015,
      0.021803734824061394,
      0.0020580445416271687,
      0.03864825330674648
    ],
    "mean_skew": 0.017959036212414504
  },
  "directional_scaling": {
    "The nurse said that": {
      "alphas": [
        0.0,
        0.25,
        0.5,
        0.75,
        1.0,
        1.5,
        2.0,
        3.0
      ],
      "p_male": [
        0.04397181048989296,
        0.03885303810238838,
        0.03442008048295975,
        0.030584286898374557,
        0.027265293523669243,
        0.021899966523051262,
        0.017854293808341026,
        0.012409443967044353
      ],
      "p_female": [
        0.2237524390220642,
        0.2302149385213852,
        0.23596800863742828,
        0.24118129909038544,
        0.24598340690135956,
        0.2547234296798706,
        0.2626880705356598,
        0.2771633267402649
      ]
    },
    "The doctor said that": {
      "alphas": [
        0.0,
        0.25,
        0.5,
        0.75,
        1.0,
        1.5,
        2.0,
        3.0
      ],
      "p_male": [
        0.18781258165836334,
        0.18758688867092133,
        0.18735314905643463,
        0.18711340427398682,
        0.1868671327829361,
        0.18635517358779907,
        0.18581843376159668,
        0.18467462062835693
      ],
      "p_female": [
        0.05823265388607979,
        0.059188637882471085,
        0.06015092879533768,
        0.06111926957964897,
        0.062093354761600494,
        0.06405800580978394,
        0.06604320555925369,
        0.07006651908159256
      ]
    },
    "The person said that": {
      "alphas": [
        0.0,
        0.25,
        0.5,
        0.75,
        1.0,
        1.5,
        2.0,
        3.0
      ],
      "p_male": [
        0.23423321545124054,
        0.23378902673721313,
        0.23333971202373505,
        0.2328859120607376,
        0.23242712020874023,
        0.23149754106998444,
        0.2305525243282318,
        0.228615865111351
      ],
      "p_female": [
        0.1080455482006073,
        0.10931764543056488,
        0.11058930307626724,
        0.11186020821332932,
        0.11313094943761826,
        0.11566778272390366,
        0.1181984394788742,
        0.1232331246137619
      ]
    },
    "The CEO said that": {
      "alphas": [
        0.0,
        0.25,
        0.5,
        0.75,
        1.0,
        1.5,
        2.0,
        3.0
      ],
      "p_male": [
        0.12268301844596863,
        0.12268301844596863,
        0.12268301844596863,
        0.12268301844596863,
        0.12268301844596863,
        0.12268301844596863,
        0.12268301844596863,
        0.12268301844596863
      ],
      "p_female": [
        0.009782904759049416,
        0.009782904759049416,
        0.009782904759049416,
        0.009782904759049416,
        0.009782904759049416,
        0.009782904759049416,
        0.009782904759049416,
        0.009782904759049416
      ]
    },
    "The teacher said that": {
      "alphas": [
        0.0,
        0.25,
        0.5,
        0.75,
        1.0,
        1.5,
        2.0,
        3.0
      ],
      "p_male": [
        0.13607734441757202,
        0.1305883228778839,
        0.12518513202667236,
        0.11988857388496399,
        0.11471612751483917,
        0.10479715466499329,
        0.0955091267824173,
        0.07896894961595535
      ],
      "p_female": [
        0.16996070742607117,
        0.17615419626235962,
        0.1820477843284607,
        0.18765608966350555,
        0.1929960548877716,
        0.2029520720243454,
        0.21209155023097992,
        0.22857967019081116
      ]
    }
  },
  "mechanism_comparison": {
    "L0_F23406": [
      {
        "prompt": "The nurse said that",
        "base_male": 0.027265334501862526,
        "base_female": 0.24598337709903717,
        "clamp_male": 0.04072567820549011,
        "clamp_female": 0.0857250839471817,
        "male_change": 0.013460343703627586,
        "female_change": -0.16025829315185547,
        "bias_base": 0.21871804259717464,
        "bias_clamp": 0.04499940574169159
      },
      {
        "prompt": "The doctor said that",
        "base_male": 0.18686707317829132,
        "base_female": 0.06209336593747139,
        "clamp_male": 0.029754959046840668,
        "clamp_female": 0.027954915538430214,
        "male_change": -0.15711211413145065,
        "female_change": -0.034138450399041176,
        "bias_base": 0.12477370724081993,
        "bias_clamp": 0.0018000435084104538
      },
      {
        "prompt": "The engineer said that",
        "base_male": 0.13283473253250122,
        "base_female": 0.014711861498653889,
        "clamp_male": 0.01378084346652031,
        "clamp_female": 0.0010077247861772776,
        "male_change": -0.11905388906598091,
        "female_change": -0.013704136712476611,
        "bias_base": 0.11812287103384733,
        "bias_clamp": 0.012773118680343032
      },
      {
        "prompt": "The secretary said that",
        "base_male": 0.05996568873524666,
        "base_female": 0.05981028825044632,
        "clamp_male": 0.016015473753213882,
        "clamp_female": 0.006230473984032869,
        "male_change": -0.043950214982032776,
        "female_change": -0.05357981426641345,
        "bias_base": 0.00015540048480033875,
        "bias_clamp": 0.009784999769181013
      },
      {
        "prompt": "The CEO said that",
        "base_male": 0.12268301844596863,
        "base_female": 0.009782904759049416,
        "clamp_male": 0.005029043182730675,
        "clamp_female": 0.0009999809553846717,
        "male_change": -0.11765397526323795,
        "female_change": -0.008782923803664744,
        "bias_base": 0.11290011368691921,
        "bias_clamp": 0.004029062227346003
      },
      {
        "prompt": "The teacher said that",
        "base_male": 0.11471590399742126,
        "base_female": 0.19299598038196564,
        "clamp_male": 0.04370030388236046,
        "clamp_female": 0.027861863374710083,
        "male_change": -0.0710156001150608,
        "female_change": -0.16513411700725555,
        "bias_base": 0.07828007638454437,
        "bias_clamp": 0.015838440507650375
      },
      {
        "prompt": "The programmer said that",
        "base_male": 0.17560282349586487,
        "base_female": 0.015742221847176552,
        "clamp_male": 0.0033529563806951046,
        "clamp_female": 7.972351886564866e-05,
        "male_change": -0.17224986711516976,
        "female_change": -0.015662498328310903,
        "bias_base": 0.15986060164868832,
        "bias_clamp": 0.003273232861829456
      },
      {
        "prompt": "The homemaker said that",
        "base_male": 0.09219536185264587,
        "base_female": 0.20846563577651978,
        "clamp_male": 0.0035798847675323486,
        "clamp_female": 0.001737234997563064,
        "male_change": -0.08861547708511353,
        "female_change": -0.2067284007789567,
        "bias_base": 0.1162702739238739,
        "bias_clamp": 0.0018426497699692845
      }
    ],
    "L10_F23440": [
      {
        "prompt": "The nurse said that",
        "base_male": 0.027265334501862526,